[{"pk": 14, "model": "contenttypes.contenttype", "fields": {"model": "config", "name": "config", "app_label": "timeslot"}}, {"pk": 4, "model": "contenttypes.contenttype", "fields": {"model": "contenttype", "name": "content type", "app_label": "contenttypes"}}, {"pk": 10, "model": "contenttypes.contenttype", "fields": {"model": "day", "name": "day", "app_label": "timeslot"}}, {"pk": 2, "model": "contenttypes.contenttype", "fields": {"model": "group", "name": "group", "app_label": "auth"}}, {"pk": 7, "model": "contenttypes.contenttype", "fields": {"model": "logentry", "name": "log entry", "app_label": "admin"}}, {"pk": 9, "model": "contenttypes.contenttype", "fields": {"model": "migrationhistory", "name": "migration history", "app_label": "south"}}, {"pk": 1, "model": "contenttypes.contenttype", "fields": {"model": "permission", "name": "permission", "app_label": "auth"}}, {"pk": 11, "model": "contenttypes.contenttype", "fields": {"model": "program", "name": "program", "app_label": "timeslot"}}, {"pk": 15, "model": "contenttypes.contenttype", "fields": {"model": "registrationprofile", "name": "registration profile", "app_label": "registration"}}, {"pk": 5, "model": "contenttypes.contenttype", "fields": {"model": "session", "name": "session", "app_label": "sessions"}}, {"pk": 6, "model": "contenttypes.contenttype", "fields": {"model": "site", "name": "site", "app_label": "sites"}}, {"pk": 12, "model": "contenttypes.contenttype", "fields": {"model": "source", "name": "source", "app_label": "easy_thumbnails"}}, {"pk": 13, "model": "contenttypes.contenttype", "fields": {"model": "thumbnail", "name": "thumbnail", "app_label": "easy_thumbnails"}}, {"pk": 8, "model": "contenttypes.contenttype", "fields": {"model": "uploadedfile", "name": "uploaded file", "app_label": "ajax_upload"}}, {"pk": 3, "model": "contenttypes.contenttype", "fields": {"model": "user", "name": "user", "app_label": "auth"}}, {"pk": "74f230ec1b9a99e465be9f434d7fe3fa", "model": "sessions.session", "fields": {"expire_date": "2013-12-23T18:38:11.702Z", "session_data": "MTg1NGFjZThkM2ZlZjYxYjA4MGUxZjhhZDFmOWYyNjNiYmViZDgwMzqAAn1xAShVCnRlc3Rjb29r\naWVxAlUGd29ya2VkcQNVDV9hdXRoX3VzZXJfaWRxBEsDVRJfYXV0aF91c2VyX2JhY2tlbmRxBVUp\nZGphbmdvLmNvbnRyaWIuYXV0aC5iYWNrZW5kcy5Nb2RlbEJhY2tlbmRxBnUu\n"}}, {"pk": "a79d1855d004ef6e53c0872a8dc6d5bc", "model": "sessions.session", "fields": {"expire_date": "2013-12-23T18:45:12.158Z", "session_data": "NGZmYTJiYzNjMDNiMTBhZGNkYzQzNmNhNzQ5NTVhNGY5MzYwMjAzYjqAAn1xAShVEl9hdXRoX3Vz\nZXJfYmFja2VuZHECVSlkamFuZ28uY29udHJpYi5hdXRoLmJhY2tlbmRzLk1vZGVsQmFja2VuZHED\nVQ1fYXV0aF91c2VyX2lkcQRLA3Uu\n"}}, {"pk": "0d47cf5b962b6abe6294d1b454f5d798", "model": "sessions.session", "fields": {"expire_date": "2013-12-26T16:06:21.911Z", "session_data": "NjhlY2Y1NzIyMjI1YmY5ZWY1YjBjODRjMjAyN2RjZjgzNmMxNWQ3ZjqAAn1xAShVEl9hdXRoX3Vz\nZXJfYmFja2VuZHECVSlkamFuZ28uY29udHJpYi5hdXRoLmJhY2tlbmRzLk1vZGVsQmFja2VuZHED\nVQ1fYXV0aF91c2VyX2lkcQRLAXUu\n"}}, {"pk": "17d5a9c4aaad4cfb53596c43bf376751", "model": "sessions.session", "fields": {"expire_date": "2013-12-26T18:22:14.168Z", "session_data": "MTA1ZTRhZjYwZmU3ZmE1NzE0MWU5YmViZTM4MDM5ZGY3ZjJkN2I3MDqAAn1xAVUKdGVzdGNvb2tp\nZXECVQZ3b3JrZWRxA3Mu\n"}}, {"pk": "28710c71291db35aa463f8e2deac3679", "model": "sessions.session", "fields": {"expire_date": "2014-01-09T00:50:22.699Z", "session_data": "MTA1ZTRhZjYwZmU3ZmE1NzE0MWU5YmViZTM4MDM5ZGY3ZjJkN2I3MDqAAn1xAVUKdGVzdGNvb2tp\nZXECVQZ3b3JrZWRxA3Mu\n"}}, {"pk": "e5ebfd2673081f49427364d6fc42ce08", "model": "sessions.session", "fields": {"expire_date": "2014-01-10T16:07:35.818Z", "session_data": "OTkwMGEzYjNhYjM4NjRmYWJmODYzNjA5MDA1NWU4Y2E2Y2NlNDI3NjqAAn1xAShVEl9hdXRoX3Vz\nZXJfYmFja2VuZHECVSlkamFuZ28uY29udHJpYi5hdXRoLmJhY2tlbmRzLk1vZGVsQmFja2VuZHED\nVQ1fYXV0aF91c2VyX2lkcQRLBHUu\n"}}, {"pk": "aa7338f2d13deef769a91bbe0ceb5fd8", "model": "sessions.session", "fields": {"expire_date": "2014-02-04T23:34:26.143Z", "session_data": "MTA1ZTRhZjYwZmU3ZmE1NzE0MWU5YmViZTM4MDM5ZGY3ZjJkN2I3MDqAAn1xAVUKdGVzdGNvb2tp\nZXECVQZ3b3JrZWRxA3Mu\n"}}, {"pk": "9b6841b0e739aced313475800a66e7dd", "model": "sessions.session", "fields": {"expire_date": "2013-12-27T00:50:59.947Z", "session_data": "OTkwMGEzYjNhYjM4NjRmYWJmODYzNjA5MDA1NWU4Y2E2Y2NlNDI3NjqAAn1xAShVEl9hdXRoX3Vz\nZXJfYmFja2VuZHECVSlkamFuZ28uY29udHJpYi5hdXRoLmJhY2tlbmRzLk1vZGVsQmFja2VuZHED\nVQ1fYXV0aF91c2VyX2lkcQRLBHUu\n"}}, {"pk": "8a709645a6e6b16c49d02afdefccbc7b", "model": "sessions.session", "fields": {"expire_date": "2013-12-23T13:44:03.376Z", "session_data": "MTA1ZTRhZjYwZmU3ZmE1NzE0MWU5YmViZTM4MDM5ZGY3ZjJkN2I3MDqAAn1xAVUKdGVzdGNvb2tp\nZXECVQZ3b3JrZWRxA3Mu\n"}}, {"pk": "d5786e9862a988db5a265741ed0896bd", "model": "sessions.session", "fields": {"expire_date": "2013-12-25T02:55:40.704Z", "session_data": "MTA1ZTRhZjYwZmU3ZmE1NzE0MWU5YmViZTM4MDM5ZGY3ZjJkN2I3MDqAAn1xAVUKdGVzdGNvb2tp\nZXECVQZ3b3JrZWRxA3Mu\n"}}, {"pk": "4b9cb04fc829086286245b04aafd1254", "model": "sessions.session", "fields": {"expire_date": "2013-12-23T19:51:43.399Z", "session_data": "NGZmYTJiYzNjMDNiMTBhZGNkYzQzNmNhNzQ5NTVhNGY5MzYwMjAzYjqAAn1xAShVEl9hdXRoX3Vz\nZXJfYmFja2VuZHECVSlkamFuZ28uY29udHJpYi5hdXRoLmJhY2tlbmRzLk1vZGVsQmFja2VuZHED\nVQ1fYXV0aF91c2VyX2lkcQRLA3Uu\n"}}, {"pk": "a6155ecc274ccc3d5f43db66c78cef84", "model": "sessions.session", "fields": {"expire_date": "2013-12-23T14:21:11.863Z", "session_data": "MTA1ZTRhZjYwZmU3ZmE1NzE0MWU5YmViZTM4MDM5ZGY3ZjJkN2I3MDqAAn1xAVUKdGVzdGNvb2tp\nZXECVQZ3b3JrZWRxA3Mu\n"}}, {"pk": "302d7826393afbdcf2322543d2da5207", "model": "sessions.session", "fields": {"expire_date": "2013-12-25T04:32:54.358Z", "session_data": "NjhlY2Y1NzIyMjI1YmY5ZWY1YjBjODRjMjAyN2RjZjgzNmMxNWQ3ZjqAAn1xAShVEl9hdXRoX3Vz\nZXJfYmFja2VuZHECVSlkamFuZ28uY29udHJpYi5hdXRoLmJhY2tlbmRzLk1vZGVsQmFja2VuZHED\nVQ1fYXV0aF91c2VyX2lkcQRLAXUu\n"}}, {"pk": "ebd55263e1f51894f29847972c3fc309", "model": "sessions.session", "fields": {"expire_date": "2013-12-24T01:41:07.631Z", "session_data": "OTkwMGEzYjNhYjM4NjRmYWJmODYzNjA5MDA1NWU4Y2E2Y2NlNDI3NjqAAn1xAShVEl9hdXRoX3Vz\nZXJfYmFja2VuZHECVSlkamFuZ28uY29udHJpYi5hdXRoLmJhY2tlbmRzLk1vZGVsQmFja2VuZHED\nVQ1fYXV0aF91c2VyX2lkcQRLBHUu\n"}}, {"pk": "66afdce638b834221d9a364a563e1d72", "model": "sessions.session", "fields": {"expire_date": "2014-02-06T16:06:33.598Z", "session_data": "ZDMwN2Q1NTc1ODYxYWQxZDAzMmEwOWRlYmEwOWU0MmU4YTkxMTA3YzqAAn1xAS4=\n"}}, {"pk": "db1780d5f17f65e468eb6a8c3309ef5e", "model": "sessions.session", "fields": {"expire_date": "2014-01-10T17:02:26.906Z", "session_data": "MTA1ZTRhZjYwZmU3ZmE1NzE0MWU5YmViZTM4MDM5ZGY3ZjJkN2I3MDqAAn1xAVUKdGVzdGNvb2tp\nZXECVQZ3b3JrZWRxA3Mu\n"}}, {"pk": "a77fe6bd502e3c133f3d1511fc8755c8", "model": "sessions.session", "fields": {"expire_date": "2013-12-20T21:11:02.925Z", "session_data": "MTA1ZTRhZjYwZmU3ZmE1NzE0MWU5YmViZTM4MDM5ZGY3ZjJkN2I3MDqAAn1xAVUKdGVzdGNvb2tp\nZXECVQZ3b3JrZWRxA3Mu\n"}}, {"pk": "bcec357087c35de991feaded575a24e8", "model": "sessions.session", "fields": {"expire_date": "2014-01-10T18:05:33.733Z", "session_data": "MTA1ZTRhZjYwZmU3ZmE1NzE0MWU5YmViZTM4MDM5ZGY3ZjJkN2I3MDqAAn1xAVUKdGVzdGNvb2tp\nZXECVQZ3b3JrZWRxA3Mu\n"}}, {"pk": "34f24215f0a423b44af798e6cb68f746", "model": "sessions.session", "fields": {"expire_date": "2014-01-17T20:07:11.315Z", "session_data": "MTA1ZTRhZjYwZmU3ZmE1NzE0MWU5YmViZTM4MDM5ZGY3ZjJkN2I3MDqAAn1xAVUKdGVzdGNvb2tp\nZXECVQZ3b3JrZWRxA3Mu\n"}}, {"pk": "4c461ba28db219f8c5fd34ad54d44e17", "model": "sessions.session", "fields": {"expire_date": "2013-12-22T03:35:20.331Z", "session_data": "NjhlY2Y1NzIyMjI1YmY5ZWY1YjBjODRjMjAyN2RjZjgzNmMxNWQ3ZjqAAn1xAShVEl9hdXRoX3Vz\nZXJfYmFja2VuZHECVSlkamFuZ28uY29udHJpYi5hdXRoLmJhY2tlbmRzLk1vZGVsQmFja2VuZHED\nVQ1fYXV0aF91c2VyX2lkcQRLAXUu\n"}}, {"pk": "36708253bc4677791906fd3714c20e3d", "model": "sessions.session", "fields": {"expire_date": "2013-12-23T15:36:30.426Z", "session_data": "MTA1ZTRhZjYwZmU3ZmE1NzE0MWU5YmViZTM4MDM5ZGY3ZjJkN2I3MDqAAn1xAVUKdGVzdGNvb2tp\nZXECVQZ3b3JrZWRxA3Mu\n"}}, {"pk": "dc2f7db2cd9dcc7042059a9f6d4e9895", "model": "sessions.session", "fields": {"expire_date": "2013-12-20T19:02:44.774Z", "session_data": "NjhlY2Y1NzIyMjI1YmY5ZWY1YjBjODRjMjAyN2RjZjgzNmMxNWQ3ZjqAAn1xAShVEl9hdXRoX3Vz\nZXJfYmFja2VuZHECVSlkamFuZ28uY29udHJpYi5hdXRoLmJhY2tlbmRzLk1vZGVsQmFja2VuZHED\nVQ1fYXV0aF91c2VyX2lkcQRLAXUu\n"}}, {"pk": "adfefa660a510c76362071ee11433a6d", "model": "sessions.session", "fields": {"expire_date": "2013-12-23T15:53:52.229Z", "session_data": "MTA1ZTRhZjYwZmU3ZmE1NzE0MWU5YmViZTM4MDM5ZGY3ZjJkN2I3MDqAAn1xAVUKdGVzdGNvb2tp\nZXECVQZ3b3JrZWRxA3Mu\n"}}, {"pk": "622288df1d20fdaf41a6d732d9276c78", "model": "sessions.session", "fields": {"expire_date": "2013-12-24T13:48:24.191Z", "session_data": "MTA1ZTRhZjYwZmU3ZmE1NzE0MWU5YmViZTM4MDM5ZGY3ZjJkN2I3MDqAAn1xAVUKdGVzdGNvb2tp\nZXECVQZ3b3JrZWRxA3Mu\n"}}, {"pk": "386d83a2bf2d3fb9bed49fec807e309a", "model": "sessions.session", "fields": {"expire_date": "2014-01-27T18:06:32.882Z", "session_data": "NGZmYTJiYzNjMDNiMTBhZGNkYzQzNmNhNzQ5NTVhNGY5MzYwMjAzYjqAAn1xAShVEl9hdXRoX3Vz\nZXJfYmFja2VuZHECVSlkamFuZ28uY29udHJpYi5hdXRoLmJhY2tlbmRzLk1vZGVsQmFja2VuZHED\nVQ1fYXV0aF91c2VyX2lkcQRLA3Uu\n"}}, {"pk": "91d5b7fe4eef3898ac40dbc6bb614fe0", "model": "sessions.session", "fields": {"expire_date": "2014-03-05T17:44:29.539Z", "session_data": "NjhlY2Y1NzIyMjI1YmY5ZWY1YjBjODRjMjAyN2RjZjgzNmMxNWQ3ZjqAAn1xAShVEl9hdXRoX3Vz\nZXJfYmFja2VuZHECVSlkamFuZ28uY29udHJpYi5hdXRoLmJhY2tlbmRzLk1vZGVsQmFja2VuZHED\nVQ1fYXV0aF91c2VyX2lkcQRLAXUu\n"}}, {"pk": "53a0961878d3278806cf29fbb64daef8", "model": "sessions.session", "fields": {"expire_date": "2013-12-29T01:13:48.211Z", "session_data": "NjhlY2Y1NzIyMjI1YmY5ZWY1YjBjODRjMjAyN2RjZjgzNmMxNWQ3ZjqAAn1xAShVEl9hdXRoX3Vz\nZXJfYmFja2VuZHECVSlkamFuZ28uY29udHJpYi5hdXRoLmJhY2tlbmRzLk1vZGVsQmFja2VuZHED\nVQ1fYXV0aF91c2VyX2lkcQRLAXUu\n"}}, {"pk": "a1c559de43f4013f608089bbbceabd14", "model": "sessions.session", "fields": {"expire_date": "2014-01-30T21:10:56.745Z", "session_data": "MTA1ZTRhZjYwZmU3ZmE1NzE0MWU5YmViZTM4MDM5ZGY3ZjJkN2I3MDqAAn1xAVUKdGVzdGNvb2tp\nZXECVQZ3b3JrZWRxA3Mu\n"}}, {"pk": "683e5b767ec04ae3964ebe2420f4aee1", "model": "sessions.session", "fields": {"expire_date": "2013-12-26T12:34:55.290Z", "session_data": "NGZmYTJiYzNjMDNiMTBhZGNkYzQzNmNhNzQ5NTVhNGY5MzYwMjAzYjqAAn1xAShVEl9hdXRoX3Vz\nZXJfYmFja2VuZHECVSlkamFuZ28uY29udHJpYi5hdXRoLmJhY2tlbmRzLk1vZGVsQmFja2VuZHED\nVQ1fYXV0aF91c2VyX2lkcQRLA3Uu\n"}}, {"pk": "507ad3c741c3fa687435bc943bc5876a", "model": "sessions.session", "fields": {"expire_date": "2013-12-30T19:21:12.411Z", "session_data": "OTkwMGEzYjNhYjM4NjRmYWJmODYzNjA5MDA1NWU4Y2E2Y2NlNDI3NjqAAn1xAShVEl9hdXRoX3Vz\nZXJfYmFja2VuZHECVSlkamFuZ28uY29udHJpYi5hdXRoLmJhY2tlbmRzLk1vZGVsQmFja2VuZHED\nVQ1fYXV0aF91c2VyX2lkcQRLBHUu\n"}}, {"pk": "3182a67a932ef32aeef32cf282aad2e4", "model": "sessions.session", "fields": {"expire_date": "2014-01-02T06:53:52.756Z", "session_data": "MTA1ZTRhZjYwZmU3ZmE1NzE0MWU5YmViZTM4MDM5ZGY3ZjJkN2I3MDqAAn1xAVUKdGVzdGNvb2tp\nZXECVQZ3b3JrZWRxA3Mu\n"}}, {"pk": "56d2d623d7f4f6d6bbe3f3f50b3c17cc", "model": "sessions.session", "fields": {"expire_date": "2014-01-02T06:53:56.594Z", "session_data": "MTA1ZTRhZjYwZmU3ZmE1NzE0MWU5YmViZTM4MDM5ZGY3ZjJkN2I3MDqAAn1xAVUKdGVzdGNvb2tp\nZXECVQZ3b3JrZWRxA3Mu\n"}}, {"pk": "3bb92606c564fe491653a2c4476b4c50", "model": "sessions.session", "fields": {"expire_date": "2014-02-13T12:23:28.718Z", "session_data": "MTA1ZTRhZjYwZmU3ZmE1NzE0MWU5YmViZTM4MDM5ZGY3ZjJkN2I3MDqAAn1xAVUKdGVzdGNvb2tp\nZXECVQZ3b3JrZWRxA3Mu\n"}}, {"pk": "8798a719b178638fc68e9f172189f775", "model": "sessions.session", "fields": {"expire_date": "2014-03-05T20:26:26.896Z", "session_data": "MTA1ZTRhZjYwZmU3ZmE1NzE0MWU5YmViZTM4MDM5ZGY3ZjJkN2I3MDqAAn1xAVUKdGVzdGNvb2tp\nZXECVQZ3b3JrZWRxA3Mu\n"}}, {"pk": "98f5b2b8f01372306485726f8ad2a60e", "model": "sessions.session", "fields": {"expire_date": "2014-03-06T18:44:20.127Z", "session_data": "OTkwMGEzYjNhYjM4NjRmYWJmODYzNjA5MDA1NWU4Y2E2Y2NlNDI3NjqAAn1xAShVEl9hdXRoX3Vz\nZXJfYmFja2VuZHECVSlkamFuZ28uY29udHJpYi5hdXRoLmJhY2tlbmRzLk1vZGVsQmFja2VuZHED\nVQ1fYXV0aF91c2VyX2lkcQRLBHUu\n"}}, {"pk": "0a0ee5e57feb56ed3d63586c8bfe57b1", "model": "sessions.session", "fields": {"expire_date": "2014-03-03T21:12:25.864Z", "session_data": "NjhlY2Y1NzIyMjI1YmY5ZWY1YjBjODRjMjAyN2RjZjgzNmMxNWQ3ZjqAAn1xAShVEl9hdXRoX3Vz\nZXJfYmFja2VuZHECVSlkamFuZ28uY29udHJpYi5hdXRoLmJhY2tlbmRzLk1vZGVsQmFja2VuZHED\nVQ1fYXV0aF91c2VyX2lkcQRLAXUu\n"}}, {"pk": "55fdfa0e62e12d60392731a996b4459f", "model": "sessions.session", "fields": {"expire_date": "2014-03-05T17:48:04.129Z", "session_data": "NjhlY2Y1NzIyMjI1YmY5ZWY1YjBjODRjMjAyN2RjZjgzNmMxNWQ3ZjqAAn1xAShVEl9hdXRoX3Vz\nZXJfYmFja2VuZHECVSlkamFuZ28uY29udHJpYi5hdXRoLmJhY2tlbmRzLk1vZGVsQmFja2VuZHED\nVQ1fYXV0aF91c2VyX2lkcQRLAXUu\n"}}, {"pk": "dd1bf461ec513d275cd0b576870e5b10", "model": "sessions.session", "fields": {"expire_date": "2014-03-06T19:37:05.335Z", "session_data": "MTA1ZTRhZjYwZmU3ZmE1NzE0MWU5YmViZTM4MDM5ZGY3ZjJkN2I3MDqAAn1xAVUKdGVzdGNvb2tp\nZXECVQZ3b3JrZWRxA3Mu\n"}}, {"pk": "71d7178b2b7169f1398d33ea4ac7cfa5", "model": "sessions.session", "fields": {"expire_date": "2014-03-06T12:30:51.576Z", "session_data": "NjUzNGE5N2JjYjc0OGQ3MTQ3ODA5YzdjOGE4ZWQyNmQ4YTI3NTkzZTqAAn1xAShVEl9hdXRoX3Vz\nZXJfYmFja2VuZHECVSlkamFuZ28uY29udHJpYi5hdXRoLmJhY2tlbmRzLk1vZGVsQmFja2VuZHED\nVQ1fYXV0aF91c2VyX2lkcQRLBXUu\n"}}, {"pk": "f15efa17cba4bc9c53a3d626145360c6", "model": "sessions.session", "fields": {"expire_date": "2014-03-12T14:46:10.718Z", "session_data": "NjhlY2Y1NzIyMjI1YmY5ZWY1YjBjODRjMjAyN2RjZjgzNmMxNWQ3ZjqAAn1xAShVEl9hdXRoX3Vz\nZXJfYmFja2VuZHECVSlkamFuZ28uY29udHJpYi5hdXRoLmJhY2tlbmRzLk1vZGVsQmFja2VuZHED\nVQ1fYXV0aF91c2VyX2lkcQRLAXUu\n"}}, {"pk": 1, "model": "sites.site", "fields": {"domain": "rnadmin.xicnet.com", "name": "rnadmin.xicnet.com"}}, {"pk": 1, "model": "timeslot.day", "fields": {"name": "Lunes"}}, {"pk": 2, "model": "timeslot.day", "fields": {"name": "Martes"}}, {"pk": 3, "model": "timeslot.day", "fields": {"name": "Mi\u00e9rcoles"}}, {"pk": 4, "model": "timeslot.day", "fields": {"name": "Jueves"}}, {"pk": 5, "model": "timeslot.day", "fields": {"name": "Viernes"}}, {"pk": 6, "model": "timeslot.day", "fields": {"name": "S\u00e1bado"}}, {"pk": 7, "model": "timeslot.day", "fields": {"name": "Domingo"}}, {"pk": 1, "model": "easy_thumbnails.source", "fields": {"name": "uploaded_images/IN2_4.jpg", "storage_hash": "f9bde26a1556cd667f742bd34ec7c55e", "modified": "2013-12-11T02:54:55.071Z"}}, {"pk": 1, "model": "easy_thumbnails.thumbnail", "fields": {"source": 1, "name": "uploaded_images/IN2_4.jpg.300x300_q85_detail.jpg", "storage_hash": "d26becbf46ac48eda79c7a39a13a02dd", "modified": "2013-12-12T23:38:10.154Z"}}, {"pk": 1, "model": "south.migrationhistory", "fields": {"applied": "2013-12-06T15:22:13.085Z", "app_name": "timeslot", "migration": "0001_initial"}}, {"pk": 2, "model": "south.migrationhistory", "fields": {"applied": "2013-12-06T15:22:13.593Z", "app_name": "timeslot", "migration": "0002_auto__add_field_program_user"}}, {"pk": 3, "model": "south.migrationhistory", "fields": {"applied": "2013-12-06T15:22:14.858Z", "app_name": "easy_thumbnails", "migration": "0001_initial"}}, {"pk": 4, "model": "south.migrationhistory", "fields": {"applied": "2013-12-06T15:22:15.249Z", "app_name": "easy_thumbnails", "migration": "0002_filename_indexes"}}, {"pk": 5, "model": "south.migrationhistory", "fields": {"applied": "2013-12-06T15:22:15.624Z", "app_name": "easy_thumbnails", "migration": "0003_auto__add_storagenew"}}, {"pk": 6, "model": "south.migrationhistory", "fields": {"applied": "2013-12-06T15:22:16.815Z", "app_name": "easy_thumbnails", "migration": "0004_auto__add_field_source_storage_new__add_field_thumbnail_storage_new"}}, {"pk": 7, "model": "south.migrationhistory", "fields": {"applied": "2013-12-06T15:22:19.612Z", "app_name": "easy_thumbnails", "migration": "0005_storage_fks_null"}}, {"pk": 8, "model": "south.migrationhistory", "fields": {"applied": "2013-12-06T15:22:19.648Z", "app_name": "easy_thumbnails", "migration": "0006_copy_storage"}}, {"pk": 9, "model": "south.migrationhistory", "fields": {"applied": "2013-12-06T15:22:20.694Z", "app_name": "easy_thumbnails", "migration": "0007_storagenew_fks_not_null"}}, {"pk": 10, "model": "south.migrationhistory", "fields": {"applied": "2013-12-06T15:22:20.732Z", "app_name": "easy_thumbnails", "migration": "0008_auto__del_field_source_storage__del_field_thumbnail_storage"}}, {"pk": 11, "model": "south.migrationhistory", "fields": {"applied": "2013-12-06T15:22:20.788Z", "app_name": "easy_thumbnails", "migration": "0009_auto__del_storage"}}, {"pk": 12, "model": "south.migrationhistory", "fields": {"applied": "2013-12-06T15:22:20.833Z", "app_name": "easy_thumbnails", "migration": "0010_rename_storage"}}, {"pk": 13, "model": "south.migrationhistory", "fields": {"applied": "2013-12-06T15:22:22.130Z", "app_name": "easy_thumbnails", "migration": "0011_auto__add_field_source_storage_hash__add_field_thumbnail_storage_hash"}}, {"pk": 14, "model": "south.migrationhistory", "fields": {"applied": "2013-12-06T15:22:22.177Z", "app_name": "easy_thumbnails", "migration": "0012_build_storage_hashes"}}, {"pk": 15, "model": "south.migrationhistory", "fields": {"applied": "2013-12-06T15:22:22.413Z", "app_name": "easy_thumbnails", "migration": "0013_auto__del_storage__del_field_source_storage__del_field_thumbnail_stora"}}, {"pk": 16, "model": "south.migrationhistory", "fields": {"applied": "2013-12-06T15:22:22.678Z", "app_name": "easy_thumbnails", "migration": "0014_auto__add_unique_source_name_storage_hash__add_unique_thumbnail_name_s"}}, {"pk": 17, "model": "south.migrationhistory", "fields": {"applied": "2013-12-06T15:22:22.808Z", "app_name": "easy_thumbnails", "migration": "0015_auto__del_unique_thumbnail_name_storage_hash__add_unique_thumbnail_sou"}}, {"pk": 18, "model": "south.migrationhistory", "fields": {"applied": "2013-12-06T15:22:22.963Z", "app_name": "django_extensions", "migration": "0001_empty"}}, {"pk": 19, "model": "south.migrationhistory", "fields": {"applied": "2013-12-10T16:33:07.035Z", "app_name": "timeslot", "migration": "0003_auto__chg_field_program_moderator"}}, {"pk": 20, "model": "south.migrationhistory", "fields": {"applied": "2013-12-10T16:33:07.363Z", "app_name": "timeslot", "migration": "0004_auto__add_config"}}, {"pk": 19, "model": "auth.permission", "fields": {"codename": "add_logentry", "name": "Can add log entry", "content_type": 7}}, {"pk": 20, "model": "auth.permission", "fields": {"codename": "change_logentry", "name": "Can change log entry", "content_type": 7}}, {"pk": 21, "model": "auth.permission", "fields": {"codename": "delete_logentry", "name": "Can delete log entry", "content_type": 7}}, {"pk": 22, "model": "auth.permission", "fields": {"codename": "add_uploadedfile", "name": "Can add uploaded file", "content_type": 8}}, {"pk": 23, "model": "auth.permission", "fields": {"codename": "change_uploadedfile", "name": "Can change uploaded file", "content_type": 8}}, {"pk": 24, "model": "auth.permission", "fields": {"codename": "delete_uploadedfile", "name": "Can delete uploaded file", "content_type": 8}}, {"pk": 4, "model": "auth.permission", "fields": {"codename": "add_group", "name": "Can add group", "content_type": 2}}, {"pk": 5, "model": "auth.permission", "fields": {"codename": "change_group", "name": "Can change group", "content_type": 2}}, {"pk": 6, "model": "auth.permission", "fields": {"codename": "delete_group", "name": "Can delete group", "content_type": 2}}, {"pk": 1, "model": "auth.permission", "fields": {"codename": "add_permission", "name": "Can add permission", "content_type": 1}}, {"pk": 2, "model": "auth.permission", "fields": {"codename": "change_permission", "name": "Can change permission", "content_type": 1}}, {"pk": 3, "model": "auth.permission", "fields": {"codename": "delete_permission", "name": "Can delete permission", "content_type": 1}}, {"pk": 7, "model": "auth.permission", "fields": {"codename": "add_user", "name": "Can add user", "content_type": 3}}, {"pk": 8, "model": "auth.permission", "fields": {"codename": "change_user", "name": "Can change user", "content_type": 3}}, {"pk": 9, "model": "auth.permission", "fields": {"codename": "delete_user", "name": "Can delete user", "content_type": 3}}, {"pk": 10, "model": "auth.permission", "fields": {"codename": "add_contenttype", "name": "Can add content type", "content_type": 4}}, {"pk": 11, "model": "auth.permission", "fields": {"codename": "change_contenttype", "name": "Can change content type", "content_type": 4}}, {"pk": 12, "model": "auth.permission", "fields": {"codename": "delete_contenttype", "name": "Can delete content type", "content_type": 4}}, {"pk": 34, "model": "auth.permission", "fields": {"codename": "add_source", "name": "Can add source", "content_type": 12}}, {"pk": 35, "model": "auth.permission", "fields": {"codename": "change_source", "name": "Can change source", "content_type": 12}}, {"pk": 36, "model": "auth.permission", "fields": {"codename": "delete_source", "name": "Can delete source", "content_type": 12}}, {"pk": 37, "model": "auth.permission", "fields": {"codename": "add_thumbnail", "name": "Can add thumbnail", "content_type": 13}}, {"pk": 38, "model": "auth.permission", "fields": {"codename": "change_thumbnail", "name": "Can change thumbnail", "content_type": 13}}, {"pk": 39, "model": "auth.permission", "fields": {"codename": "delete_thumbnail", "name": "Can delete thumbnail", "content_type": 13}}, {"pk": 43, "model": "auth.permission", "fields": {"codename": "add_registrationprofile", "name": "Can add registration profile", "content_type": 15}}, {"pk": 44, "model": "auth.permission", "fields": {"codename": "change_registrationprofile", "name": "Can change registration profile", "content_type": 15}}, {"pk": 45, "model": "auth.permission", "fields": {"codename": "delete_registrationprofile", "name": "Can delete registration profile", "content_type": 15}}, {"pk": 13, "model": "auth.permission", "fields": {"codename": "add_session", "name": "Can add session", "content_type": 5}}, {"pk": 14, "model": "auth.permission", "fields": {"codename": "change_session", "name": "Can change session", "content_type": 5}}, {"pk": 15, "model": "auth.permission", "fields": {"codename": "delete_session", "name": "Can delete session", "content_type": 5}}, {"pk": 16, "model": "auth.permission", "fields": {"codename": "add_site", "name": "Can add site", "content_type": 6}}, {"pk": 17, "model": "auth.permission", "fields": {"codename": "change_site", "name": "Can change site", "content_type": 6}}, {"pk": 18, "model": "auth.permission", "fields": {"codename": "delete_site", "name": "Can delete site", "content_type": 6}}, {"pk": 25, "model": "auth.permission", "fields": {"codename": "add_migrationhistory", "name": "Can add migration history", "content_type": 9}}, {"pk": 26, "model": "auth.permission", "fields": {"codename": "change_migrationhistory", "name": "Can change migration history", "content_type": 9}}, {"pk": 27, "model": "auth.permission", "fields": {"codename": "delete_migrationhistory", "name": "Can delete migration history", "content_type": 9}}, {"pk": 40, "model": "auth.permission", "fields": {"codename": "add_config", "name": "Can add config", "content_type": 14}}, {"pk": 41, "model": "auth.permission", "fields": {"codename": "change_config", "name": "Can change config", "content_type": 14}}, {"pk": 42, "model": "auth.permission", "fields": {"codename": "delete_config", "name": "Can delete config", "content_type": 14}}, {"pk": 28, "model": "auth.permission", "fields": {"codename": "add_day", "name": "Can add day", "content_type": 10}}, {"pk": 29, "model": "auth.permission", "fields": {"codename": "change_day", "name": "Can change day", "content_type": 10}}, {"pk": 30, "model": "auth.permission", "fields": {"codename": "delete_day", "name": "Can delete day", "content_type": 10}}, {"pk": 31, "model": "auth.permission", "fields": {"codename": "add_program", "name": "Can add program", "content_type": 11}}, {"pk": 32, "model": "auth.permission", "fields": {"codename": "change_program", "name": "Can change program", "content_type": 11}}, {"pk": 33, "model": "auth.permission", "fields": {"codename": "delete_program", "name": "Can delete program", "content_type": 11}}, {"pk": 4, "model": "auth.user", "fields": {"username": "rae", "first_name": "RAE", "last_name": "", "is_active": true, "is_superuser": false, "is_staff": false, "last_login": "2014-02-26T14:36:06.822Z", "groups": [], "user_permissions": [31, 32, 33], "password": "pbkdf2_sha256$10000$Q8k12jKJ1faQ$mM8Z1DUh/czV+F5OBnn4L6NZCRB4WUNnYNZtdTQOP9Q=", "email": "", "date_joined": "2013-12-06T15:55:34Z"}}, {"pk": 1, "model": "auth.user", "fields": {"username": "nacionalrock", "first_name": "Nacional Rock", "last_name": "", "is_active": true, "is_superuser": true, "is_staff": true, "last_login": "2014-02-26T14:46:10.696Z", "groups": [], "user_permissions": [], "password": "pbkdf2_sha256$10000$du0QwWC9zYbN$2ka2WhIelRrVYTnk6JR1rKlJS+A14SdoniTywyeG36U=", "email": "rama@xicnet.com", "date_joined": "2013-12-04T19:52:49Z"}}, {"pk": 3, "model": "auth.user", "fields": {"username": "nacionalclasica", "first_name": "Nacional Cl\u00e1sica", "last_name": "", "is_active": true, "is_superuser": false, "is_staff": false, "last_login": "2014-02-19T12:56:05.687Z", "groups": [], "user_permissions": [31, 32, 33], "password": "pbkdf2_sha256$10000$pBQZgHtsZ6mE$HJq4Q+iH4fT5tN7R2bawkGbARiUMOxj7S2GE0SI1q7Q=", "email": "", "date_joined": "2013-12-06T15:55:02Z"}}, {"pk": 5, "model": "auth.user", "fields": {"username": "radionacionalam870", "first_name": "Radionacional AM870", "last_name": "", "is_active": true, "is_superuser": false, "is_staff": false, "last_login": "2014-02-20T12:30:51.534Z", "groups": [], "user_permissions": [31, 32, 33], "password": "pbkdf2_sha256$10000$ykHDTM8HCPmB$WDgI1O116Ae+iI0jhzR1/TGrqVZAURzErswwpmL1XRU=", "email": "", "date_joined": "2013-12-06T15:56:34Z"}}, {"pk": 2, "model": "auth.user", "fields": {"username": "nacionalfolklorica", "first_name": "", "last_name": "", "is_active": true, "is_superuser": false, "is_staff": true, "last_login": "2014-02-20T18:44:00.853Z", "groups": [], "user_permissions": [25, 26, 27], "password": "pbkdf2_sha256$10000$4qxKbJQWzFkV$cq8YkxsI7pBPW7EYxC+fzns5FOvowYe1Z8j4Z0MacWw=", "email": "", "date_joined": "2013-12-06T03:36:33Z"}}, {"pk": 7, "model": "admin.logentry", "fields": {"action_flag": 2, "action_time": "2013-12-10T16:39:46.755Z", "object_repr": "rnadmin.xicnet.com", "object_id": "1", "change_message": "Changed domain.", "user": 1, "content_type": 6}}, {"pk": 6, "model": "admin.logentry", "fields": {"action_flag": 2, "action_time": "2013-12-06T15:56:52.111Z", "object_repr": "radionacionalam870", "object_id": "5", "change_message": "Changed password, first_name and user_permissions.", "user": 1, "content_type": 3}}, {"pk": 5, "model": "admin.logentry", "fields": {"action_flag": 1, "action_time": "2013-12-06T15:56:34.166Z", "object_repr": "radionacionalam870", "object_id": "5", "change_message": "", "user": 1, "content_type": 3}}, {"pk": 4, "model": "admin.logentry", "fields": {"action_flag": 2, "action_time": "2013-12-06T15:56:09.034Z", "object_repr": "rae", "object_id": "4", "change_message": "Changed password, first_name and user_permissions.", "user": 1, "content_type": 3}}, {"pk": 3, "model": "admin.logentry", "fields": {"action_flag": 1, "action_time": "2013-12-06T15:55:34.841Z", "object_repr": "rae", "object_id": "4", "change_message": "", "user": 1, "content_type": 3}}, {"pk": 2, "model": "admin.logentry", "fields": {"action_flag": 2, "action_time": "2013-12-06T15:55:22.702Z", "object_repr": "nacionalclasica", "object_id": "3", "change_message": "Changed password, first_name and user_permissions.", "user": 1, "content_type": 3}}, {"pk": 1, "model": "admin.logentry", "fields": {"action_flag": 1, "action_time": "2013-12-06T15:55:03.073Z", "object_repr": "nacionalclasica", "object_id": "3", "change_message": "", "user": 1, "content_type": 3}}, {"pk": 16, "model": "timeslot.program", "fields": {"end": "18:00:00", "name": "Sucio Pop", "created": "2013-11-19T12:51:57Z", "image": "uploaded_images/SUCIO-POP.jpg", "days": [6], "moderator": "Mat\u00edas Casta\u00f1eda y Tom\u00e1s Balmaceda", "start": "16:00:00", "user": 1, "cropping": "119,0,202,124", "description": "Sucio Pop"}}, {"pk": 15, "model": "timeslot.program", "fields": {"end": "16:00:00", "name": "La hora pulenta", "created": "2013-11-19T12:51:57Z", "image": "uploaded_images/LA-HORA.jpg", "days": [6], "moderator": "Nicol\u00e1s Lantos y Juan Manuel Strassburger", "start": "14:00:00", "user": 1, "cropping": "", "description": "la hora pulenta"}}, {"pk": 89, "model": "timeslot.program", "fields": {"end": "12:00:00", "name": "Hacklab a full", "created": "2013-12-06T00:29:38.825Z", "image": "uploaded_images/hacklab01_6.jpg", "days": [], "moderator": "Rama", "start": "08:00:00", "user": 1, "cropping": "", "description": "A hackearla"}}, {"pk": 5, "model": "timeslot.program", "fields": {"end": "10:00:00", "name": "Casi Despierto", "created": "2013-11-19T12:51:57Z", "image": "uploaded_images/casi-despierto.jpg", "days": [1, 3, 2, 5, 4], "moderator": "Pablo Marcovsky", "start": "07:00:00", "user": 1, "cropping": "", "description": "Casi Despierto"}}, {"pk": 96, "model": "timeslot.program", "fields": {"end": "12:00:00", "name": "La gran aldea", "created": "2013-12-08T03:15:23.151Z", "image": "", "days": [1, 2, 3, 4, 5], "moderator": "", "start": "11:00:00", "user": 3, "cropping": "", "description": "M\u00fasica por paises"}}, {"pk": 108, "model": "timeslot.program", "fields": {"end": "20:00:00", "name": "T\u00e9 para dos", "created": "2013-12-08T03:15:23.151Z", "image": "", "days": [5], "moderator": "Donna Caroll y Oscar L\u00f3pez Ruiz", "start": "18:00:00", "user": 3, "cropping": "", "description": ""}}, {"pk": 99, "model": "timeslot.program", "fields": {"end": "20:00:00", "name": "Asi de simple", "created": "2013-12-08T03:15:23.151Z", "image": "uploaded_images/Asi_De_Simple_-_Ricardo_Salton_01.JPG", "days": [3], "moderator": "Ricardo Salton", "start": "18:00:00", "user": 3, "cropping": "", "description": "Todos los estilos"}}, {"pk": 97, "model": "timeslot.program", "fields": {"end": "13:00:00", "name": "Clasicos a la carta", "created": "2013-12-08T03:15:23.151Z", "image": "", "days": [1, 2, 3, 4, 5], "moderator": "", "start": "12:00:00", "user": 3, "cropping": "", "description": "Giovanni Paisiello\nConcierto para mandolina, cuerdas y clave en Mi bemol mayor\nHugo Orlandi, mandolina\nI Solisti Veneti / Claudio Scimone\n\nJacques Ibert\nCuatro canciones de Don Quijote\nCarlos \u00c1lvarez, bar\u00edtono\nOrquesta de la Comunidad de Madrid / Jos\u00e9 Ram\u00f3n Encinar\n\nJohann Sebastian Bach\n\u201cAria\u201d de la Suite para orquesta en Re mayor, BWV 1068\nOrquesta de C\u00e1mara Franz Liszt de Budapest / Janos Rolla\n\nLudwig van Beethoven\nSonata para piano N\u00ba26 en Mi bemol mayor, op.81a, \u201cLos adioses\u201d\nAlexander Panizza, piano\n"}}, {"pk": 109, "model": "timeslot.program", "fields": {"end": "21:00:00", "name": "Ciclos", "created": "2013-12-08T03:15:23.151Z", "image": "", "days": [1, 2, 3, 4, 5], "moderator": "", "start": "20:00:00", "user": 3, "cropping": "", "description": ""}}, {"pk": 110, "model": "timeslot.program", "fields": {"end": "23:00:00", "name": "M\u00fasica nocturna", "created": "2013-12-08T03:15:23.151Z", "image": "", "days": [1, 2, 3, 4, 5], "moderator": "", "start": "21:00:00", "user": 3, "cropping": "", "description": ""}}, {"pk": 98, "model": "timeslot.program", "fields": {"end": "15:00:00", "name": "La musica del fauno", "created": "2013-12-08T03:15:23.151Z", "image": "", "days": [1, 2, 3, 4, 5], "moderator": "", "start": "13:00:00", "user": 3, "cropping": "", "description": "Prueba"}}, {"pk": 103, "model": "timeslot.program", "fields": {"end": "16:00:00", "name": "M\u00fasica documental", "created": "2013-12-08T03:15:23.151Z", "image": "", "days": [1, 2, 3, 4, 5], "moderator": "", "start": "15:00:00", "user": 3, "cropping": "", "description": ""}}, {"pk": 104, "model": "timeslot.program", "fields": {"end": "18:00:00", "name": "Tarde de cl\u00e1sicos", "created": "2013-12-08T03:15:23.151Z", "image": "", "days": [1, 2, 3, 4, 5], "moderator": "Clara de la Rosa", "start": "16:00:00", "user": 3, "cropping": "", "description": ""}}, {"pk": 105, "model": "timeslot.program", "fields": {"end": "20:00:00", "name": "La odisea del regreso", "created": "2013-12-08T03:15:23.151Z", "image": "", "days": [1, 4], "moderator": "", "start": "18:00:00", "user": 3, "cropping": "", "description": ""}}, {"pk": 106, "model": "timeslot.program", "fields": {"end": "20:00:00", "name": "Tarde transfigurada", "created": "2013-12-08T03:15:23.151Z", "image": "", "days": [2], "moderator": "Luis Gorelik", "start": "18:00:00", "user": 3, "cropping": "", "description": ""}}, {"pk": 11, "model": "timeslot.program", "fields": {"end": "02:00:00", "name": "Diario del futuro", "created": "2013-11-19T12:51:57Z", "image": "uploaded_images/DIARIO.jpg", "days": [2, 3, 4, 5], "moderator": "Nicol\u00e1s Lantos y Florencia Alcaraz", "start": "00:00:00", "user": 1, "cropping": "", "description": "Diario del futuro"}}, {"pk": 18, "model": "timeslot.program", "fields": {"end": "02:00:00", "name": "La espuma de las noches", "created": "2013-11-19T12:51:57Z", "image": "uploaded_images/espuma.jpg", "days": [6], "moderator": "Andy Chango", "start": "00:00:00", "user": 1, "cropping": "", "description": ""}}, {"pk": 117, "model": "timeslot.program", "fields": {"end": "18:00:00", "name": "Pasi\u00f3n Nacional", "created": "2013-12-12T21:06:46.216Z", "image": "", "days": [5], "moderator": "Roberto Perfumo, Gustavo Vergara y equipo de deportes", "start": "17:00:00", "user": 5, "cropping": "", "description": ""}}, {"pk": 112, "model": "timeslot.program", "fields": {"end": "00:00:00", "name": "Industria Nacional", "created": "2013-12-08T03:15:23.151Z", "image": "uploaded_images/IN2_4.jpg", "days": [1, 2, 3, 4, 5], "moderator": "ss", "start": "23:00:00", "user": 3, "cropping": "", "description": "dd"}}, {"pk": 17, "model": "timeslot.program", "fields": {"end": "23:59:00", "name": "El rock naci\u00f3 mal", "created": "2013-11-19T12:51:57Z", "image": "uploaded_images/NACIOMAL.jpg", "days": [6], "moderator": "Andr\u00e9s Ruiz", "start": "22:00:00", "user": 1, "cropping": "", "description": "el crock naci\u00f3 mal"}}, {"pk": 95, "model": "timeslot.program", "fields": {"end": "11:00:00", "name": "Y la ma\u00f1ana va", "created": "2013-12-08T03:15:23.151Z", "image": "uploaded_images/logo_app_3.JPG", "days": [1, 2, 3, 4, 5], "moderator": "", "start": "07:00:00", "user": 3, "cropping": "", "description": "M\u00fasica para acompa\u00f1arte cuando comienza el d\u00eda."}}, {"pk": 90, "model": "timeslot.program", "fields": {"end": "19:00:00", "name": "Aver", "created": "2013-12-06T00:37:29Z", "image": "uploaded_images/splash.png", "days": [5], "moderator": "con este", "start": "17:00:00", "user": 2, "cropping": "0,0,2200,3300", "description": "que pasa"}}, {"pk": 120, "model": "timeslot.program", "fields": {"end": "10:00:00", "name": "Siempre Argentina-Conexi\u00f3n Portugu\u00e9s", "created": "2013-12-22T05:07:08.065Z", "image": "uploaded_images/juli_galvan.png", "days": [1, 2, 3, 4, 5], "moderator": "JULIETA GALVAN", "start": "09:00:00", "user": 4, "cropping": "", "description": ""}}, {"pk": 128, "model": "timeslot.program", "fields": {"end": "20:00:00", "name": "Siempre Argentina-Conexi\u00f3n Latinoam\u00e9rica II", "created": "2013-12-22T05:07:08.065Z", "image": "uploaded_images/mir_turk.jpg", "days": [1, 2, 3, 4, 5], "moderator": "MIRIAN T\u00daRKULA", "start": "19:00:00", "user": 4, "cropping": "", "description": ""}}, {"pk": 119, "model": "timeslot.program", "fields": {"end": "09:00:00", "name": "Siempre Argentina-Conexi\u00f3n Japon\u00e9s", "created": "2013-12-22T05:07:08.065Z", "image": "uploaded_images/kei_ue.png", "days": [1, 2, 3, 4, 5], "moderator": "KEIKO UEDA", "start": "08:00:00", "user": 4, "cropping": "", "description": ""}}, {"pk": 124, "model": "timeslot.program", "fields": {"end": "15:57:00", "name": "Siempre Argentina-Conexi\u00f3n Ingl\u00e9s", "created": "2013-12-22T05:07:08.065Z", "image": "uploaded_images/mir_fer_3_2.jpg", "days": [1, 2, 3, 4, 5], "moderator": "MIRIAM T\u00daRKULA", "start": "15:00:00", "user": 4, "cropping": "", "description": ""}}, {"pk": 122, "model": "timeslot.program", "fields": {"end": "12:00:00", "name": "Siempre Argentina-Conexi\u00f3n Espa\u00f1ol", "created": "2013-12-22T05:07:08.065Z", "image": "uploaded_images/che_aya.jpg", "days": [1, 2, 3, 4, 5], "moderator": "CHELO AYALA", "start": "11:00:00", "user": 4, "cropping": "", "description": ""}}, {"pk": 130, "model": "timeslot.program", "fields": {"end": "21:57:00", "name": "Siempre Argentina-Conexi\u00f3n Portugu\u00e9s II", "created": "2013-12-22T05:07:08.065Z", "image": "uploaded_images/mir_can.jpg", "days": [1, 2, 3, 4, 5], "moderator": "MIRTA C\u00c1NEPA", "start": "21:00:00", "user": 4, "cropping": "", "description": ""}}, {"pk": 126, "model": "timeslot.program", "fields": {"end": "17:57:00", "name": "Siempre Argentina-Conexi\u00f3n Franc\u00e9s", "created": "2013-12-22T05:07:08.065Z", "image": "uploaded_images/mag_arn.jpg", "days": [1, 2, 3, 4, 5], "moderator": "MAGDALENA ARNOUX", "start": "17:00:00", "user": 4, "cropping": "", "description": ""}}, {"pk": 127, "model": "timeslot.program", "fields": {"end": "19:00:00", "name": "Siempre Argentina-Conexi\u00f3n Alem\u00e1n", "created": "2013-12-22T05:07:08.065Z", "image": "uploaded_images/ray_car_1.jpg", "days": [1, 2, 3, 4, 5], "moderator": "RAY\u00c9N BRAUN Y CARLOS DIAZ ROCCA", "start": "18:00:00", "user": 4, "cropping": "", "description": ""}}, {"pk": 125, "model": "timeslot.program", "fields": {"end": "16:57:00", "name": "Siempre Argentina-Conexi\u00f3n Italiano", "created": "2013-12-22T05:07:08.065Z", "image": "uploaded_images/cari_che.jpg", "days": [1, 2, 3, 4, 5], "moderator": "CARITINA C\u00d3SULICH Y CHELO AYALA", "start": "16:00:00", "user": 4, "cropping": "", "description": ""}}, {"pk": 129, "model": "timeslot.program", "fields": {"end": "21:00:00", "name": "Siempre Argentina-Conexi\u00f3n Espa\u00f1ol II", "created": "2013-12-22T05:07:08.065Z", "image": "", "days": [1, 2, 3, 4, 5], "moderator": "DAR\u00cdO BURSZTYN", "start": "20:00:00", "user": 4, "cropping": "", "description": ""}}, {"pk": 123, "model": "timeslot.program", "fields": {"end": "14:57:00", "name": "Siempre Argentina-Conexi\u00f3n Alem\u00e1n (Rep)", "created": "2013-12-22T05:07:08.065Z", "image": "uploaded_images/ray_car.jpg", "days": [1, 2, 3, 4, 5], "moderator": "RAY\u00c9N BRAUN Y CARLOS DIAZ ROCCA", "start": "14:00:00", "user": 4, "cropping": "", "description": ""}}, {"pk": 121, "model": "timeslot.program", "fields": {"end": "11:00:00", "name": "Siempre Argentina-Conexi\u00f3n Latinoam\u00e9rica", "created": "2013-12-22T05:07:08.065Z", "image": "uploaded_images/ang_flo.png", "days": [1, 2, 3, 4, 5], "moderator": "ANGEL FLOREANO", "start": "10:00:00", "user": 4, "cropping": "", "description": ""}}, {"pk": 8, "model": "timeslot.program", "fields": {"end": "18:00:00", "name": "Spam!", "created": "2013-11-19T12:51:57Z", "image": "uploaded_images/spam_1.jpg", "days": [1, 2, 3, 4, 5], "moderator": "Srta Bimbo y Alejandro Lingenti", "start": "15:00:00", "user": 1, "cropping": "", "description": "Spam"}}, {"pk": 2, "model": "timeslot.program", "fields": {"end": "21:00:00", "name": "Burundanga", "created": "2013-11-18T23:12:05Z", "image": "uploaded_images/BURUNDANGA.jpg", "days": [1, 2, 3, 4, 5], "moderator": "Gillespie y Malena Pichot", "start": "18:00:00", "user": 1, "cropping": "48,0,130,124", "description": ""}}, {"pk": 3, "model": "timeslot.program", "fields": {"end": "23:00:00", "name": "Nunca lo sabr\u00e1n", "created": "2013-11-18T23:12:05Z", "image": "uploaded_images/nunca.jpg", "days": [1, 2, 3, 4, 5], "moderator": "Maitena Aboitiz y Diego Mancusi", "start": "21:00:00", "user": 1, "cropping": "0,0,320,480", "description": ""}}, {"pk": 10, "model": "timeslot.program", "fields": {"end": "00:00:00", "name": "Polifon\u00eda Nocturna", "created": "2013-11-19T12:51:57Z", "image": "uploaded_images/polifonia.jpg", "days": [1, 2, 3, 4, 5], "moderator": "Carlos Polimeni", "start": "23:00:00", "user": 1, "cropping": "", "description": "Polifon\u00eda Nocturna"}}, {"pk": 7, "model": "timeslot.program", "fields": {"end": "15:00:00", "name": "Mute", "created": "2013-11-19T12:51:57Z", "image": "uploaded_images/muteint.jpg", "days": [1, 2, 3, 4, 5], "moderator": "Casta\u00f1eda, Zabo, Jesicall y Kart\u00fan", "start": "13:00:00", "user": 1, "cropping": "", "description": "Mute"}}, {"pk": 13, "model": "timeslot.program", "fields": {"end": "12:00:00", "name": "Territorio Comanche", "created": "2013-11-19T12:51:57Z", "image": "uploaded_images/territoriocomancheint.jpg", "days": [6], "moderator": "Daniel Tognetti, Sergio Ranieri y Eduardo Fabregat", "start": "09:00:00", "user": 1, "cropping": "", "description": ""}}, {"pk": 12, "model": "timeslot.program", "fields": {"end": "07:00:00", "name": "Programaci\u00f3n Musical", "created": "2013-11-19T12:51:57Z", "image": "uploaded_images/generico_1.jpg", "days": [2, 3, 4, 5], "moderator": "Carla Ruiz", "start": "02:00:00", "user": 1, "cropping": "", "description": ""}}, {"pk": 14, "model": "timeslot.program", "fields": {"end": "14:00:00", "name": "Figuraci\u00f3n", "created": "2013-11-19T12:51:57Z", "image": "uploaded_images/figuracion.jpg", "days": [6], "moderator": "Alfredo Rosso y Noemi Hackel", "start": "12:00:00", "user": 1, "cropping": "", "description": "Alfredo Rosso"}}, {"pk": 1, "model": "timeslot.program", "fields": {"end": "22:00:00", "name": "No Tan Distintos", "created": "2013-11-18T23:12:05Z", "image": "uploaded_images/NTD.jpg", "days": [6], "moderator": "Chicho Pellegrini y equipo", "start": "18:00:00", "user": 1, "cropping": "320,0,320,0", "description": "Cultura Latinoamericana. Rock. Viajes. M\u00fasica"}}, {"pk": 23, "model": "timeslot.program", "fields": {"end": "10:00:00", "name": "Emociones Rock", "created": "2013-11-19T12:51:57Z", "image": "uploaded_images/emociones.jpg", "days": [7], "moderator": "Carlos Melo", "start": "08:00:00", "user": 1, "cropping": "", "description": "emociones Rock"}}, {"pk": 19, "model": "timeslot.program", "fields": {"end": "07:00:00", "name": "Argentina Electr\u00f3nica", "created": "2013-11-19T12:51:57Z", "image": "uploaded_images/electronica.jpg", "days": [7], "moderator": "Nacional Rock 93.7", "start": "00:00:00", "user": 1, "cropping": "", "description": "Argentina electr\u00f3nica"}}, {"pk": 20, "model": "timeslot.program", "fields": {"end": "12:00:00", "name": "El fin de la met\u00e1fora", "created": "2013-11-19T12:51:57Z", "image": "uploaded_images/elfindelametafora.jpg", "days": [7], "moderator": "Facundo Ale, Guido Stochik e Ivan Schargrodski", "start": "10:00:00", "user": 1, "cropping": "", "description": "El fin de la met\u00e1fora"}}, {"pk": 21, "model": "timeslot.program", "fields": {"end": "16:00:00", "name": "Rock de la casa", "created": "2013-11-19T12:51:57Z", "image": "uploaded_images/ROCKDECASA.jpg", "days": [7], "moderator": "Nacional Rock 93.7", "start": "13:00:00", "user": 1, "cropping": "119,0,202,124", "description": "rock de la casa"}}, {"pk": 22, "model": "timeslot.program", "fields": {"end": "18:00:00", "name": "Teloneros del f\u00fatbol", "created": "2013-11-19T12:51:57Z", "image": "uploaded_images/SIEMPRE.jpg", "days": [7], "moderator": "Adri\u00e1n y Alejandro Korol", "start": "16:00:00", "user": 1, "cropping": "", "description": ""}}, {"pk": 132, "model": "timeslot.program", "fields": {"end": "00:00:00", "name": "Siempre Argentina-Conexi\u00f3n Ingl\u00e9s", "created": "2013-12-22T05:07:08.065Z", "image": "uploaded_images/mir_fer_3_1.jpg", "days": [1, 2, 3, 4, 5], "moderator": "FERNANDO FARIAS", "start": "23:00:00", "user": 4, "cropping": "", "description": ""}}, {"pk": 131, "model": "timeslot.program", "fields": {"end": "23:00:00", "name": "Siempre Argentina-Conexi\u00f3n Japon\u00e9s II", "created": "2013-12-22T05:07:08.065Z", "image": "uploaded_images/mar_car.jpg", "days": [1, 2, 3, 4, 5], "moderator": "MARCELO CARBALLAL", "start": "22:00:00", "user": 4, "cropping": "", "description": ""}}, {"pk": 6, "model": "timeslot.program", "fields": {"end": "13:00:00", "name": "Segurola y Habana", "created": "2013-11-19T12:51:57Z", "image": "uploaded_images/segurola.jpg", "days": [1, 2, 3, 4, 5], "moderator": "Julia Mengolini e Ivan Schargrodski", "start": "10:00:00", "user": 1, "cropping": "", "description": "Segurola y Habana"}}, {"pk": 146, "model": "timeslot.program", "fields": {"end": "13:00:00", "name": "Conversa", "created": "2014-02-16T04:54:18.185Z", "image": "uploaded_images/conversaint.jpg", "days": [7], "moderator": "Agust\u00edn Casta\u00f1eda y Francisco Yofre", "start": "12:00:00", "user": 1, "cropping": "", "description": ""}}, {"pk": 135, "model": "timeslot.program", "fields": {"end": "12:30:00", "name": "Panorama de Noticias-Link AM870", "created": "2013-12-22T05:07:08.065Z", "image": "", "days": [1, 2, 3, 4, 5], "moderator": "", "start": "12:00:00", "user": 4, "cropping": "", "description": ""}}, {"pk": 147, "model": "timeslot.program", "fields": {"end": "23:30:00", "name": "F\u00fatbol pasi\u00f3n nacional", "created": "2014-02-16T04:54:18.185Z", "image": "uploaded_images/futbol.jpg", "days": [7], "moderator": "Transmisi\u00f3n de los cl\u00e1sicos del domingo", "start": "18:00:00", "user": 1, "cropping": "", "description": ""}}, {"pk": 138, "model": "timeslot.program", "fields": {"end": "16:00:00", "name": "Bolet\u00ecn de Noticias RAE", "created": "2013-12-22T05:07:08.065Z", "image": "", "days": [1, 2, 3, 4, 5], "moderator": "", "start": "15:57:00", "user": 4, "cropping": "", "description": ""}}, {"pk": 139, "model": "timeslot.program", "fields": {"end": "17:00:00", "name": "Bolet\u00ecn de Noticias RAE", "created": "2013-12-22T05:07:08.065Z", "image": "", "days": [1, 2, 3, 4, 5], "moderator": "", "start": "16:57:00", "user": 4, "cropping": "", "description": ""}}, {"pk": 140, "model": "timeslot.program", "fields": {"end": "18:00:00", "name": "Bolet\u00ecn de Noticias RAE", "created": "2013-12-22T05:07:08.065Z", "image": "", "days": [1, 2, 3, 4, 5], "moderator": "", "start": "17:57:00", "user": 4, "cropping": "", "description": ""}}, {"pk": 141, "model": "timeslot.program", "fields": {"end": "22:00:00", "name": "Bolet\u00ecn de Noticias RAE", "created": "2013-12-22T05:07:08.065Z", "image": "", "days": [1, 2, 3, 4, 5], "moderator": "", "start": "21:57:00", "user": 4, "cropping": "", "description": ""}}, {"pk": 142, "model": "timeslot.program", "fields": {"end": "15:00:00", "name": "Bolet\u00ecn de Noticias RAE", "created": "2013-12-22T05:07:08.065Z", "image": "", "days": [1, 2, 3, 4, 5], "moderator": "", "start": "14:57:00", "user": 4, "cropping": "", "description": ""}}, {"pk": 133, "model": "timeslot.program", "fields": {"end": "01:00:00", "name": "Siempre Argentina-Conexi\u00f3n Franc\u00e9s II", "created": "2013-12-22T05:07:08.065Z", "image": "", "days": [1, 2, 3, 4, 5], "moderator": "DIEGO FILLOY", "start": "00:00:00", "user": 4, "cropping": "", "description": ""}}, {"pk": 145, "model": "timeslot.program", "fields": {"end": "14:00:00", "name": "Sigla Gong", "created": "2013-12-22T05:07:08.065Z", "image": "", "days": [1, 2, 3, 4, 5], "moderator": "", "start": "13:45:00", "user": 4, "cropping": "", "description": ""}}, {"pk": 143, "model": "timeslot.program", "fields": {"end": "07:00:00", "name": "Sigla-Gong-Himno Nacional", "created": "2013-12-22T05:07:08.065Z", "image": "", "days": [1, 2, 3, 4, 5], "moderator": "", "start": "06:45:00", "user": 4, "cropping": "", "description": ""}}, {"pk": 134, "model": "timeslot.program", "fields": {"end": "02:00:00", "name": "Siempre Argentina-Conexi\u00f3n Chino (Rep)", "created": "2013-12-22T05:07:08.065Z", "image": "uploaded_images/lina_ji.png", "days": [1, 2, 3, 4, 5], "moderator": "LINAJI DE OVIEDO", "start": "01:00:00", "user": 4, "cropping": "", "description": ""}}, {"pk": 118, "model": "timeslot.program", "fields": {"end": "08:00:00", "name": "Siempre Argentina-Conexi\u00f3n Chino", "created": "2013-12-22T05:07:08.065Z", "image": "uploaded_images/lina_ji_1.png", "days": [1, 2, 3, 4, 5], "moderator": "LINAJI DE OVIEDO", "start": "07:00:00", "user": 4, "cropping": "", "description": ""}}, {"pk": 136, "model": "timeslot.program", "fields": {"end": "23:30:00", "name": "Link AM870", "created": "2013-12-22T05:07:08.065Z", "image": "uploaded_images/rad_nac_3.jpg", "days": [6], "moderator": "Duplex con AM870", "start": "09:00:00", "user": 4, "cropping": "", "description": ""}}, {"pk": 137, "model": "timeslot.program", "fields": {"end": "00:00:00", "name": "Link AM870", "created": "2013-12-22T05:07:08.065Z", "image": "uploaded_images/rad_nac_4.jpg", "days": [7], "moderator": "Duplex con AM870", "start": "09:00:00", "user": 4, "cropping": "", "description": ""}}, {"pk": 144, "model": "timeslot.program", "fields": {"end": "13:45:00", "name": "Gente de a pie-Link AM870", "created": "2013-12-22T05:07:08.065Z", "image": "uploaded_images/mar_waif.jpg", "days": [1, 2, 3, 4, 5], "moderator": "MARIO WAINFELD", "start": "12:30:00", "user": 4, "cropping": "", "description": ""}}, {"pk": 3, "model": "timeslot.config", "fields": {"streamurl": "http://5.9.56.134:8146/;stream.nsv", "cropping": "", "image": "uploaded_images/rae.jpg", "user": 4}}, {"pk": 4, "model": "timeslot.config", "fields": {"streamurl": "http://5.9.56.134:8158/;stream.nsv", "cropping": "", "image": "uploaded_images/nacionalfolklorica.jpg", "user": 2}}, {"pk": 5, "model": "timeslot.config", "fields": {"streamurl": "http://5.9.56.134:8154/;stream.nsv", "cropping": "", "image": "uploaded_images/nacionalclasica.jpg", "user": 3}}, {"pk": 1, "model": "timeslot.config", "fields": {"streamurl": "http://5.9.56.134:8162", "cropping": "", "image": "uploaded_images/back_1.jpg", "user": 1}}, {"pk": 2, "model": "timeslot.config", "fields": {"streamurl": "http://5.9.56.134:8010/;stream.nsv", "cropping": "", "image": "uploaded_images/radionacionalam870.jpg", "user": 5}}]